name,position,start
Mário Soares,Ministro dos Negócios Estrangeiros,1974-05-15
Álvaro Cunhal,Ministro sem pasta,1974-05-15
António do Carmo Galhordas,Secretário de Estado da Saúde,1974-05-15
Joaquim Magalhães Mota,Ministro da Administração Interna,1974-05-16
Mário Firmino Miguel,Ministro da Defesa Nacional,1974-05-16
Francisco Salgado Zenha,Ministro da Justiça,1974-05-16
Adelino da Palma Carlos,Primeiro-Ministro de Portugal,1974-05-16
Manuel da Costa Braz,Ministro da Administração Interna,1974-07-17
José da Silva Lopes,Ministro das Finanças,1974-07-17
Vasco Gonçalves,Primeiro-Ministro de Portugal,1974-07-18
José Vera Jardim,Secretário de Estado,1974-07-23
Henrique José Monteiro Santa Clara Gomes,Secretário de Estado da Segurança Social,1974-07-23
Vítor Alves,Ministro da Defesa Nacional,1974-10-03
João António Lopes da Conceição,Secretário de Estado,1974-12-27
Rui Amaral,Secretário de Estado da Administração Pública,1974-12-27
João Menezes Ferreira,membro do Gabinete do Secretário de Estado da Comunicação Social,1975-01-01
Jorge Correia Jesuíno,Ministro da Comunicação Social,1975-02-24
Silvano Ribeiro,Ministro da Defesa Nacional,1975-02-24
António Carlos de Magalhães Arnao Metello,Ministro da Administração Interna,1975-03-26
Ernesto Melo Antunes,Ministro dos Negócios Estrangeiros,1975-03-26
Mário Soares,Ministro sem pasta,1975-03-26
Rui Amaral,Secretário de Estado da Administração Pública,1975-04-04
Joaquim Rocha e Cunha,Ministro da Justiça,1975-08-08
Mário Ruivo,Ministro dos Negócios Estrangeiros,1975-08-08
João de Freitas Branco,Secretário de Estado da Cultura,1975-08-08
António Carlos de Magalhães Arnao Metello,Vice-Primeiro-Ministro de Portugal,1975-08-08
José Teixeira Ribeiro,Vice-Primeiro-Ministro de Portugal,1975-08-08
Luís Manuel Vítor dos Santos Moita,Secretário de Estado da Emigração,1975-08-20
Vasco Almeida e Costa,Ministro da Administração Interna,1975-09-19
António de Almeida Santos,Ministro da Comunicação Social,1975-09-19
José Pinheiro de Azevedo,Ministro da Defesa Nacional,1975-09-19
João de Deus Pinheiro Farinha,Ministro da Justiça,1975-09-19
Francisco Salgado Zenha,Ministro das Finanças,1975-09-19
Álvaro Veiga de Oliveira,Ministro do Equipamento Social,1975-09-19
Ernesto Melo Antunes,Ministro dos Negócios Estrangeiros,1975-09-19
José Pinheiro de Azevedo,Primeiro-Ministro de Portugal,1975-09-19
Rui Amaral,Secretário de Estado da Administração Pública,1975-09-26
Artur Santos Silva,Secretário de Estado do Tesouro,1975-09-26
José Manuel Sérvulo Correia,Secretário de Estado da Emigração,1976-01-14
Manuel da Costa Braz,Ministro da Administração Interna,1976-07-23
Mário Firmino Miguel,Ministro da Defesa Nacional,1976-07-23
António de Almeida Santos,Ministro da Justiça,1976-07-23
Henrique Medina Carreira,Ministro das Finanças,1976-07-23
Jorge Campinos,Ministro sem pasta,1976-07-23
Mário Soares,Primeiro-Ministro de Portugal,1976-07-23
João Vieira Lima,Secretário de Estado da Emigração,1976-07-28
Manuel Gomes Guerreiro,Secretário de Estado do Ambiente,1976-07-28
Luís Filipe Madeira,Secretário de Estado do Turismo,1976-07-28
Mário Soares,Ministro dos Negócios Estrangeiros,1977-10-12
Alberto Oliveira e Silva,Ministro da Administração Interna,1978-01-30
José Santos Pais,Ministro da Justiça,1978-01-30
Vítor Constâncio,Ministro das Finanças,1978-01-30
Victor de Sá Machado,Ministro dos Negócios Estrangeiros,1978-01-30
Jaime Gama,Ministro da Administração Interna,1978-02-27
Alfredo Nobre da Costa,Primeiro-Ministro de Portugal,1978-08-28
António Gonçalves Ribeiro,Ministro da Administração Interna,1978-08-29
Carlos Alberto Lloyd Braga,Ministro da Educação,1978-08-29
Mário Raposo,Ministro da Justiça,1978-08-29
José da Silva Lopes,Ministro das Finanças,1978-08-29
Carlos Corrêa Gago,Ministro dos Negócios Estrangeiros,1978-08-29
Coriolano Albino Ferreira,Secretário de Estado da Segurança Social,1978-09-07
Daniel Proença de Carvalho,Ministro da Comunicação Social,1978-11-22
Loureiro dos Santos,Ministro da Defesa Nacional,1978-11-22
Eduardo Silva Correia,Ministro da Justiça,1978-11-22
Carlos Mota Pinto,Primeiro-Ministro de Portugal,1978-11-22
Manuel da Costa Braz,Ministro da Administração Interna,1979-08-01
Adérito Sedas Nunes,Ministro da Cultura,1979-08-01
Luís Veiga da Cunha,Ministro da Educação,1979-08-01
Pedro Sousa Macedo,Ministro da Justiça,1979-08-01
Maria de Lourdes Pintasilgo,Primeiro-Ministro de Portugal,1979-08-01
Mário Neves,Secretário de Estado da Emigração,1979-08-23
António Cardoso e Cunha,Ministro da Agricultura,1980-01-03
António Cardoso e Cunha,Ministro da Agricultura,1980-01-03
Adelino Amaro da Costa,Ministro da Defesa Nacional,1980-01-03
Adelino Amaro da Costa,Ministro da Defesa Nacional,1980-01-03
Mário Raposo,Ministro da Justiça,1980-01-03
Mário Raposo,Ministro da Justiça,1980-01-03
Aníbal Cavaco Silva,Ministro das Finanças,1980-01-03
Aníbal Cavaco Silva,Ministro das Finanças,1980-01-03
Diogo Freitas do Amaral,Ministro dos Negócios Estrangeiros,1980-01-03
Diogo Freitas do Amaral,Ministro dos Negócios Estrangeiros,1980-01-03
Francisco Sá Carneiro,Primeiro-Ministro de Portugal,1980-01-03
Francisco Sá Carneiro,Primeiro-Ministro de Portugal,1980-01-03
Vasco Pulido Valente,Secretário de Estado Adjunto do Primeiro-Ministro,1980-01-03
Vasco Pulido Valente,Secretário de Estado Adjunto do Primeiro-Ministro,1980-01-03
Vasco Pulido Valente,Secretário de Estado da Cultura,1980-01-10
Vasco Pulido Valente,Secretário de Estado da Cultura,1980-01-10
Diogo Freitas do Amaral,Primeiro-Ministro de Portugal,1980-12-04
Diogo Freitas do Amaral,Primeiro-Ministro de Portugal,1980-12-04
Fernando do Amaral,Ministro da Administração Interna,1981-01-09
Luís de Azevedo Coutinho,Ministro da Defesa Nacional,1981-01-09
José Menéres Pimentel,Ministro da Justiça,1981-01-09
André Gonçalves Pereira,Ministro dos Negócios Estrangeiros,1981-01-09
Francisco Pinto Balsemão,Primeiro-Ministro de Portugal,1981-01-09
Ângelo Correia,Ministro da Administração Interna,1981-09-04
Francisco Lucas Pires,Ministro da Cultura,1981-09-04
Diogo Freitas do Amaral,Ministro da Defesa Nacional,1981-09-04
João Salgueiro,Ministro das Finanças,1981-09-04
Alberto Ralha,Secretário de Estado do Ensino Superior,1981-09-08
Luís Nandim de Carvalho,Secretário de Estado do Turismo,1981-09-08
Marcelo Rebelo de Sousa,Ministro dos Assuntos Parlamentares,1982-06-12
Eduardo Pereira,Ministro da Administração Interna,1983-06-09
António Coimbra Martins,Ministro da Cultura,1983-06-09
Carlos Mota Pinto,Ministro da Defesa Nacional,1983-06-09
Rui Machete,Ministro da Justiça,1983-06-09
António Maldonado Gonelha,Ministro da Saúde,1983-06-09
Carlos Melancia,Ministro do Mar,1983-06-09
António de Almeida Santos,Ministro dos Assuntos Parlamentares,1983-06-09
Jaime Gama,Ministro dos Negócios Estrangeiros,1983-06-09
Mário Soares,Primeiro-Ministro de Portugal,1983-06-09
Carlos Pimenta,Secretário de Estado do Ambiente,1983-06-18
Joaquim Ferreira do Amaral,Secretário de Estado do Turismo,1983-06-18
Rui Machete,Ministro da Defesa Nacional,1985-02-15
João de Deus Pinheiro,Ministro da Educação,1985-02-15
Mário Raposo,Ministro da Justiça,1985-02-15
Leonardo Ribeiro de Almeida,Ministro da Defesa Nacional,1985-11-06
Mário Raposo,Ministro da Justiça,1985-11-06
Leonor Beleza,Ministro da Saúde,1985-11-06
Miguel Cadilhe,Ministro das Finanças,1985-11-06
Pedro Pires de Miranda,Ministro dos Negócios Estrangeiros,1985-11-06
Aníbal Cavaco Silva,Primeiro-Ministro de Portugal,1985-11-06
José Silveira Godinho,Ministro da Administração Interna,1987-08-17
Roberto Carneiro,Ministro da Educação,1987-08-17
Fernando Nogueira,Ministro da Justiça,1987-08-17
João de Deus Pinheiro,Ministro dos Negócios Estrangeiros,1987-08-17
Alberto Ralha,Secretário de Estado do Ensino Superior,1987-08-18
Manuel Dias Loureiro,Ministro dos Assuntos Parlamentares,1989-07-24
Manuel Pereira,Ministro da Administração Interna,1990-01-05
Manuel Pereira,Ministro da Administração Interna,1990-01-05
Carlos de Brito,Ministro da Defesa Nacional,1990-01-05
Carlos de Brito,Ministro da Defesa Nacional,1990-01-05
Arlindo de Carvalho,Ministro da Saúde,1990-01-05
Arlindo de Carvalho,Ministro da Saúde,1990-01-05
Miguel Beleza,Ministro das Finanças,1990-01-05
Miguel Beleza,Ministro das Finanças,1990-01-05
Fernando Nogueira,Ministro da Defesa Nacional,1990-03-05
Fernando Nogueira,Ministro da Defesa Nacional,1990-03-05
Álvaro Laborinho Lúcio,Ministro da Justiça,1990-03-05
Álvaro Laborinho Lúcio,Ministro da Justiça,1990-03-05
Alfredo César Torres,Secretário de Estado do Turismo,1990-04-24
Alfredo César Torres,Secretário de Estado do Turismo,1990-04-24
Manuel Dias Loureiro,Ministro da Administração Interna,1991-10-31
Diamantino Durão,Ministro da Educação,1991-10-31
Álvaro Laborinho Lúcio,Ministro da Justiça,1991-10-31
Jorge Braga de Macedo,Ministro das Finanças,1991-10-31
António Couto dos Santos,Ministro da Educação,1992-03-19
José Manuel Durão Barroso,Ministro dos Negócios Estrangeiros,1992-11-12
Paulo Mendo,Ministro da Saúde,1993-12-07
Eduardo Catroga,Ministro das Finanças,1993-12-07
José Falcão e Cunha,Ministro para a Qualificação e o Emprego,1993-12-07
António Figueiredo Lopes,Ministro da Defesa Nacional,1995-03-16
Paulo Teixeira Pinto,Secretário de Estado da Presidência do Conselho de Ministros,1995-03-16
Alberto Costa,Ministro da Administração Interna,1995-10-28
Mariano Gago,"Ministro da Ciência, Tecnologia e Ensino Superior",1995-10-28
António Vitorino,Ministro da Defesa Nacional,1995-10-28
Marçal Grilo,Ministro da Educação,1995-10-28
José Vera Jardim,Ministro da Justiça,1995-10-28
Maria de Belém Roseira,Ministro da Saúde,1995-10-28
Elisa Ferreira,Ministro do Ambiente,1995-10-28
Henrique de Oliveira Constantino,Ministro do Equipamento Social,1995-10-28
Jaime Gama,Ministro dos Negócios Estrangeiros,1995-10-28
Maria João Rodrigues,Ministro para a Qualificação e o Emprego,1995-10-28
António Guterres,Primeiro-Ministro de Portugal,1995-10-28
Francisco Seixas da Costa,Secretário de Estado dos Assuntos Europeus,1995-10-28
Marcelo de Sousa Vasconcelos,Secretário de Estado das Pescas,1995-10-30
Manuela Arcanjo,Secretário de Estado do Orçamento,1995-10-30
Francisco Luís Murteira Nabo,Ministro do Equipamento Social,1995-12-27
José Luís Lopes da Mota,Secretário de Estado da Justiça,1996-03-27
Catarina Vaz Pinto,Secretário de Estado da Cultura,1997-09-25
José Veiga Simão,Ministro da Defesa Nacional,1997-11-25
António Costa,Ministro dos Assuntos Parlamentares,1997-11-25
Eduardo Ferro Rodrigues,Ministro para a Qualificação e o Emprego,1997-11-25
Vítor Cabrita Neto,Secretário de Estado do Turismo,1997-11-28
Luís Capoulas Santos,Ministro da Agricultura,1998-10-03
Vítor Barros,Secretário de Estado do Desenvolvimento Rural,1998-10-03
Jaime Gama,Ministro da Defesa Nacional,1999-05-29
Fernando Gomes,Ministro da Administração Interna,1999-10-25
Mariano Gago,"Ministro da Ciência, Tecnologia e Ensino Superior",1999-10-25
Júlio Castro Caldas,Ministro da Defesa Nacional,1999-10-25
António Costa,Ministro da Justiça,1999-10-25
Manuela Arcanjo,Ministro da Saúde,1999-10-25
José Sócrates,Ministro do Ambiente,1999-10-25
Elisa Ferreira,Ministro do Planeamento,1999-10-25
Maria de Belém Roseira,Ministro para a Igualdade,1999-10-25
Catarina Vaz Pinto,Secretário de Estado da Cultura,1999-10-28
Ana Benavente,Secretário de Estado da Educação,1999-10-28
João Nuno Mendes,Secretário de Estado do Planeamento,1999-10-28
Pedro Adão e Silva,adjunto do Gabinete do Secretário de Estado do Trabalho e Formação,1999-11-25
José Sasportes,Ministro da Cultura,2000-07-12
José Sasportes,Ministro da Cultura,2000-07-12
Nuno Severiano Teixeira,Ministro da Administração Interna,2000-09-14
Nuno Severiano Teixeira,Ministro da Administração Interna,2000-09-14
Augusto Santos Silva,Ministro da Educação,2000-09-14
Augusto Santos Silva,Ministro da Educação,2000-09-14
Luís Patrão,Secretário de Estado da Administração Interna,2000-09-18
Luís Patrão,Secretário de Estado da Administração Interna,2000-09-18
Luís Medeiros Vieira,Secretário de Estado da Agricultura,2000-09-18
Luís Medeiros Vieira,Secretário de Estado da Agricultura,2000-09-18
Augusto Santos Silva,Ministro da Cultura,2001-07-03
Rui Pena,Ministro da Defesa Nacional,2001-07-03
António Correia de Campos,Ministro da Saúde,2001-07-03
Guilherme d'Oliveira Martins,Ministro das Finanças,2001-07-03
José Sócrates,Ministro do Equipamento Social,2002-01-23
António Figueiredo Lopes,Ministro da Administração Interna,2002-04-06
Paulo Portas,Ministro da Defesa Nacional,2002-04-06
David Justino,Ministro da Educação,2002-04-06
Celeste Cardona,Ministro da Justiça,2002-04-06
Luís Filipe Pereira,Ministro da Saúde,2002-04-06
Manuela Ferreira Leite,Ministro das Finanças,2002-04-06
Isaltino Morais,Ministro do Ambiente,2002-04-06
Luís Marques Mendes,Ministro dos Assuntos Parlamentares,2002-04-06
António Martins da Cruz,Ministro dos Negócios Estrangeiros,2002-04-06
José Manuel Durão Barroso,Primeiro-Ministro de Portugal,2002-04-06
Teresa Patrício Gouveia,Ministro dos Negócios Estrangeiros,2003-10-09
Daniel Sanches,Ministro da Administração Interna,2004-07-17
Maria do Carmo Seabra,Ministro da Educação,2004-07-17
José Pedro Aguiar Branco,Ministro da Justiça,2004-07-17
António Monteiro,Ministro dos Negócios Estrangeiros,2004-07-17
Pedro Santana Lopes,Primeiro-Ministro de Portugal,2004-07-17
Sofia Galvão,Secretário de Estado da Administração Pública,2004-07-21
Henrique de Freitas,Secretário de Estado dos Negócios Estrangeiros e Cooperação,2004-07-21
Sofia Galvão,Secretário de Estado da Presidência do Conselho de Ministros,2004-11-24
António Costa,Ministro da Administração Interna,2005-03-12
Mariano Gago,"Ministro da Ciência, Tecnologia e Ensino Superior",2005-03-12
Luís Amado,Ministro da Defesa Nacional,2005-03-12
Maria de Lurdes Rodrigues,Ministro da Educação,2005-03-12
Alberto Costa,Ministro da Justiça,2005-03-12
Pedro Silva Pereira,Ministro da Presidência,2005-03-12
António Correia de Campos,Ministro da Saúde,2005-03-12
Luís Campos e Cunha,Ministro das Finanças,2005-03-12
Augusto Santos Silva,Ministro dos Assuntos Parlamentares,2005-03-12
Diogo Freitas do Amaral,Ministro dos Negócios Estrangeiros,2005-03-12
José Sócrates,Primeiro-Ministro de Portugal,2005-03-12
Humberto Rosa,Secretário de Estado do Ambiente,2005-03-14
Bernardo Trindade,Secretário de Estado do Turismo,2005-03-14
Fernando Teixeira dos Santos,Ministro das Finanças,2005-07-21
Nuno Severiano Teixeira,Ministro da Defesa Nacional,2006-07-03
Luís Amado,Ministro dos Negócios Estrangeiros,2006-07-03
Rui Pereira,Ministro da Administração Interna,2007-05-17
José Pinto Ribeiro,Ministro da Cultura,2008-01-30
Ana Jorge,Ministro da Saúde,2008-01-30
Gabriela Canavilhas,Ministro da Cultura,2009-10-26
Augusto Santos Silva,Ministro da Defesa Nacional,2009-10-26
Isabel Alçada,Ministro da Educação,2009-10-26
Alberto Martins,Ministro da Justiça,2009-10-26
Elza Pais,Secretário de Estado da Igualdade e Migrações,2009-10-26
Miguel Macedo,Ministro da Administração Interna,2011-06-21
José Pedro Aguiar Branco,Ministro da Defesa Nacional,2011-06-21
Nuno Crato,Ministro da Educação,2011-06-21
Paula Teixeira da Cruz,Ministro da Justiça,2011-06-21
Paulo Macedo,Ministro da Saúde,2011-06-21
Miguel Relvas,Ministro dos Assuntos Parlamentares,2011-06-21
Paulo Portas,Ministro dos Negócios Estrangeiros,2011-06-21
Pedro Passos Coelho,Primeiro-Ministro de Portugal,2011-06-21
Francisco José Viegas,Secretário de Estado da Cultura,2011-06-28
João Filipe Queiró,Secretário de Estado do Ensino Superior,2011-06-28
Cecília Meireles,Secretário de Estado do Turismo,2011-06-28
Jorge Barreto Xavier,Secretário de Estado da Cultura,2012-10-26
Adolfo Mesquita Nunes,Secretário de Estado do Turismo,2013-02-02
Luís Marques Guedes,Ministro de Estado e da Presidência,2013-04-13
Luís Marques Guedes,Ministro dos Assuntos Parlamentares,2013-04-13
Maria Luís Albuquerque,Ministro das Finanças,2013-07-02
Rui Machete,Ministro dos Negócios Estrangeiros,2013-07-24
Paulo Portas,Vice-Primeiro-Ministro de Portugal,2013-07-24
Anabela Rodrigues,Ministro da Administração Interna,2014-11-19
João Calvão da Silva,Ministro da Administração Interna,2015-10-30
Teresa Morais,Ministro da Cultura,2015-10-30
Fernando Negrão,Ministro da Justiça,2015-10-30
Fernando Leal da Costa,Ministro da Saúde,2015-10-30
Carlos da Costa Neves,Ministro dos Assuntos Parlamentares,2015-10-30
Constança Urbano de Sousa,Ministro da Administração Interna,2015-11-26
Luís Capoulas Santos,Ministro da Agricultura,2015-11-26
Manuel Heitor,"Ministro da Ciência, Tecnologia e Ensino Superior",2015-11-26
João Barroso Soares,Ministro da Cultura,2015-11-26
José Alberto Azeredo Lopes,Ministro da Defesa Nacional,2015-11-26
Tiago Brandão Rodrigues,Ministro da Educação,2015-11-26
Francisca Van Dunem,Ministro da Justiça,2015-11-26
Adalberto Campos Fernandes,Ministro da Saúde,2015-11-26
Mário Centeno,Ministro das Finanças,2015-11-26
João Pedro Matos Fernandes,Ministro do Ambiente,2015-11-26
Ana Paula Vitorino,Ministro do Mar,2015-11-26
António Costa,Primeiro-Ministro de Portugal,2015-11-26
Alexandra Leitão,Secretário de Estado Adjunto e da Educação,2015-11-26
Helena Ribeiro,Secretário de Estado Adjunto e da Justiça,2015-11-26
Jorge Nogueiro Gomes,Secretário de Estado da Administração Interna,2015-11-26
João Costa,Secretário de Estado da Educação,2015-11-26
João Wengorovius Meneses,Secretário de Estado da Juventude e do Desporto,2015-11-26
Miguel Prata Roque,Secretário de Estado da Presidência do Conselho de Ministros,2015-11-26
José Apolinário,Secretário de Estado das Pescas,2015-11-26
Ana Mendes Godinho,Secretário de Estado do Turismo,2015-11-26
Luís Filipe Castro Mendes,Ministro da Cultura,2016-04-14
Eduardo Cabrita,Ministro da Administração Interna,2017-10-21
Nelson de Souza,Ministro do Planeamento,2018-02-18
João Gomes Cravinho,Ministro da Defesa Nacional,2018-10-15
Marta Temido,Ministro da Saúde,2018-10-15
Pedro Siza Vieira,"Ministro de Estado, da Economia e da Transição Digital",2018-10-15
João Pedro Matos Fernandes,Ministro do Ambiente e Transição Energética,2018-10-15
Ângela Ferreira,Secretário de Estado da Cultura,2018-10-17
João Ataíde das Neves,Secretário de Estado do Ambiente,2019-04-11
Maria do Céu Antunes,Ministro da Agricultura,2019-10-26
Ana Abrunhosa,Ministro da Coesão Territorial,2019-10-26
Graça Fonseca,Ministro da Cultura,2019-10-26
Alexandra Leitão,Ministro da Modernização do Estado e da Administração Pública,2019-10-26
Pedro Nuno Santos,Ministro das Infraestruturas e da Habitação,2019-10-26
Mariana Vieira da Silva,Ministro de Estado e da Presidência,2019-10-26
Pedro Siza Vieira,"Ministro de Estado, da Economia e da Transição Digital",2019-10-26
João Pedro Matos Fernandes,Ministro do Ambiente e da Ação Climática,2019-10-26
Ricardo Serrão Santos,Ministro do Mar,2019-10-26
Ana Mendes Godinho,"Ministro do Trabalho, Solidariedade e Segurança Social",2019-10-26
Augusto Santos Silva,Ministro dos Negócios Estrangeiros,2019-10-26
João Costa,Secretário de Estado Adjunto e da Educação,2019-10-26
Ângela Ferreira,Secretário de Estado Adjunto e do Património Cultural,2019-10-26
Susana Amador,Secretário de Estado da Educação,2019-10-26
André Moz Caldas,Secretário de Estado da Presidência do Conselho de Ministros,2019-10-26
Berta Nunes,Secretário de Estado das Comunidades Portuguesas,2019-10-26
José Fernando Gomes Mendes,Secretário de Estado do Planeamento,2019-10-26
Rita Marques,Secretário de Estado do Turismo,2019-10-28
João Leão,Ministro das Finanças,2020-06-15
João Leão,Ministro das Finanças,2020-06-15
João Nuno Mendes,Secretário de Estado das Finanças,2020-06-15
João Nuno Mendes,Secretário de Estado das Finanças,2020-06-15
Marina Gonçalves,Secretário de Estado da Habitação,2020-09-17
Marina Gonçalves,Secretário de Estado da Habitação,2020-09-17
Teresa Coelho,Secretário de Estado das Pescas,2020-09-17
Teresa Coelho,Secretário de Estado das Pescas,2020-09-17
Ricardo Pinheiro,Secretário de Estado do Planeamento,2020-11-06
Ricardo Pinheiro,Secretário de Estado do Planeamento,2020-11-06
Francisca Van Dunem,Ministro da Administração Interna,2021-12-04
António Costa,Ministro dos Negócios Estrangeiros,2022-03-28
José Luís Carneiro,Ministro da Administração Interna,2022-03-30
Elvira Fortunato,"Ministro da Ciência, Tecnologia e Ensino Superior",2022-03-30
Pedro Adão e Silva,Ministro da Cultura,2022-03-30
Helena Carreiras,Ministro da Defesa Nacional,2022-03-30
João Costa,Ministro da Educação,2022-03-30
Catarina Sarmento e Castro,Ministro da Justiça,2022-03-30
Mariana Vieira da Silva,Ministro da Presidência,2022-03-30
Fernando Medina,Ministro das Finanças,2022-03-30
Pedro Nuno Santos,Ministro das Infraestruturas e da Habitação,2022-03-30
Duarte Cordeiro,Ministro do Ambiente e da Ação Climática,2022-03-30
António Costa Silva,Ministro do Mar,2022-03-30
Ana Catarina Mendes,Ministro dos Assuntos Parlamentares,2022-03-30
João Gomes Cravinho,Ministro dos Negócios Estrangeiros,2022-03-30
Jorge Alves Costa,Secretário de Estado Adjunto e da Justiça,2022-03-30
Isabel Oneto,Secretário de Estado da Administração Interna,2022-03-30
Carlos Manuel Soares Miguel,Secretário de Estado da Administração Local e Ordenamento do Território,2022-03-30
Inês Ramires,Secretário de Estado da Administração Pública,2022-03-30
Rui Martinho,Secretário de Estado da Agricultura,2022-03-30
João Paulo Catarino,Secretário de Estado da Conservação da Natureza e Florestas,2022-03-30
Isabel Cordeiro,Secretário de Estado da Cultura,2022-03-30
Marco Capitão Ferreira,Secretário de Estado da Defesa,2022-03-30
Mário Campolargo,Secretário de Estado da Digitalização e da Modernização Administrativa,2022-03-30
João Neves,Secretário de Estado da Economia,2022-03-30
António Leite,Secretário de Estado da Educação,2022-03-30
Marina Gonçalves,Secretário de Estado da Habitação,2022-03-30
Ana Sofia Antunes,Secretário de Estado da Inclusão,2022-03-30
Bernardo Ivo Cruz,Secretário de Estado da Internacionalização,2022-03-30
Pedro Tavares,Secretário de Estado da Justiça,2022-03-30
João Paulo Correia,Secretário de Estado da Juventude e do Desporto,2022-03-30
Jorge Delgado,Secretário de Estado da Mobilidade Urbana,2022-03-30
André Moz Caldas,Secretário de Estado da Presidência do Conselho de Ministros,2022-03-30
Patrícia Gaspar,Secretário de Estado da Proteção Civil,2022-03-30
Gabriel Bastos,Secretário de Estado da Segurança Social,2022-03-30
Paulo Cafôfo,Secretário de Estado das Comunidades Portuguesas,2022-03-30
Hugo Santos Mendes,Secretário de Estado das Infraestruturas,2022-03-30
Teresa Coelho,Secretário de Estado das Pescas,2022-03-30
João Galamba,Secretário de Estado do Ambiente e da Energia,2022-03-30
Pedro Nuno Teixeira,Secretário de Estado do Ensino Superior,2022-03-30
José Maria Costa,Secretário de Estado do Mar,2022-03-30
Sofia Batalha,Secretário de Estado do Orçamento,2022-03-30
Eduardo Pinheiro,Secretário de Estado do Planeamento,2022-03-30
João Nuno Mendes,Secretário de Estado do Tesouro,2022-03-30
Miguel Fontes,Secretário de Estado do Trabalho,2022-03-30
Rita Marques,"Secretário de Estado do Turismo, Comércio e Serviços",2022-03-30
Tiago Antunes,Secretário de Estado dos Assuntos Europeus,2022-03-30
António Mendonça Mendes,Secretário de Estado dos Assuntos Fiscais,2022-03-30
Francisco André,Secretário de Estado dos Negócios Estrangeiros e Cooperação,2022-03-30
Isabel Rodrigues,Secretário de Estado da Igualdade e Migrações,2022-05-02
Manuel Pizarro,Ministro da Saúde,2022-09-10
Miguel Alves,Secretário de Estado Adjunto do Primeiro-Ministro,2022-09-16
Margarida Mano,Secretário de Estado da Promoção da Saúde,2022-09-16
Ricardo Mestre,Secretário de Estado da Saúde,2022-09-16
António Mendonça Mendes,Secretário de Estado Adjunto do Primeiro-Ministro,2022-12-02
Pedro Cilínio,Secretário de Estado da Economia,2022-12-02
João Nuno Mendes,Secretário de Estado das Finanças,2022-12-02
Alexandra Reis,Secretário de Estado do Tesouro,2022-12-02
Nuno Fazenda,"Secretário de Estado do Turismo, Comércio e Serviços",2022-12-02
Nuno Félix,Secretário de Estado dos Assuntos Fiscais,2022-12-02
Marina Gonçalves,Ministro da Habitação,2023-01-04
Ana Fontoura Gouveia,Secretário de Estado da Energia e Clima,2023-01-04
Dalila Rodrigues,Ministro da Cultura,2024-04-02
Maria do Rosário Palma Ramalho,"Ministro do Trabalho, Solidariedade e Segurança Social",2024-04-02
Pedro Duarte,Ministro dos Assuntos Parlamentares,2024-04-02
Paulo Rangel,Ministro dos Negócios Estrangeiros,2024-04-02
Luís Montenegro,Primeiro-Ministro de Portugal,2024-04-02
Rita Júdice,Ministro da Justiça,2024-04-04
Alexandre Homem Cristo,Secretário de Estado Adjunto e da Educação,2024-04-05
Hernâni Dias,Secretário de Estado da Administração Local e Ordenamento do Território,2024-04-05
Lídia Bulcão,Secretário de Estado do Mar,2024-04-05
Inês Domingos,Secretário de Estado dos Assuntos Europeus,2024-04-05
Alberto Santos,Secretário de Estado da Cultura,2025-02-13
Rita Júdice,Ministro da Justiça,2025-06-05
Dan Katz,Secretário de Estado da Internacionalização,2025-10-06
